<?xml version="1.0" encoding="UTF-8"?>
<!DOCTYPE filesystem PUBLIC "-//NetBeans//DTD Filesystem 1.1//EN" "http://www.netbeans.org/dtds/filesystem-1_1.dtd">
<filesystem>
    <folder name="Actions">
        <folder name="Edit">
            <file name="org-lcswing-DataAction.instance"/>
            <file name="org-lcswing-DiagramAction.instance"/>
            <file name="org-lcswing-InterfaceAction.instance"/>
            <file name="org-lcswing-LCIntroAction.instance"/>
            <file name="org-lcswing-startcompute.instance">
                <attr name="instanceClass" stringvalue="org.lcswing.StartLCComputeAction"/>
            </file>
        </folder>
            <folder name="View">
            <file name="org-lcswing-TestAction.instance"/>
        </folder>
    </folder>
   
    <folder name="Menu">
        <folder name="File">
            <attr name="SeparatorNew.instance/org-netbeans-lcswing-separatorBefore.instance" boolvalue="true"/>
            <file name="org-lcswing-DataAction.shadow">
                <attr name="originalFile" stringvalue="Actions/Edit/org-lcswing-DataAction.instance"/>
                <attr name="position" intvalue="1100"/>
            </file>
            <file name="org-lcswing-DiagramAction.shadow">
                <attr name="originalFile" stringvalue="Actions/Edit/org-lcswing-DiagramAction.instance"/>
                <attr name="position" intvalue="1300"/>
            </file>
            <file name="org-lcswing-InterfaceAction.shadow">
                <attr name="originalFile" stringvalue="Actions/Edit/org-lcswing-InterfaceAction.instance"/>
                <attr name="position" intvalue="1200"/>
            </file>
            <file name="org-lcswing-TestAction.shadow">
                <attr name="originalFile" stringvalue="Actions/View/org-lcswing-TestAction.instance"/>
                <attr name="position" intvalue="1000"/>
            </file>
            <file name="org-netbeans-lcswing-separatorBefore.instance">
                <attr name="instanceClass" stringvalue="javax.swing.JSeparator"/>
            </file>
            <attr name="org-netbeans-lcswing-separatorBefore.instance/org-lcswing-Startcompute.shadow" boolvalue="true"/>
           
            <file name="org-lcswing-Startcompute.shadow">
                <attr name="originalFile" stringvalue="Actions/Edit/org-lcswing-startcompute.instance"/>
            </file>
            <attr name="org-lcswing-Startcompute.shadow" boolvalue="true"/>
            <file name="org-netbeans-paint-separatorAfter.instance">
                <attr name="instanceClass" stringvalue="javax.swing.JSeparator"/>
            </file>
        </folder>
        <folder name="View_hidden"/>
        <folder name="GoTo_hidden"/>
            <folder name="Window">
            <folder name="Output">
                <file name="org-lcswing-LCIntroAction.shadow">
                    <attr name="originalFile" stringvalue="Actions/Edit/org-lcswing-LCIntroAction.instance"/>
                    <attr name="position" intvalue="0"/>
                </file>
            </folder>
        </folder>
    </folder>
    <folder name="Shortcuts">
        <file name="D-I.shadow">
            <attr name="originalFile" stringvalue="Actions/Edit/org-lcswing-LCIntroAction.instance"/>
        </file>
        <file name="S-D.shadow">
            <attr name="originalFile" stringvalue="Actions/Edit/org-lcswing-DiagramAction.instance"/>
        </file>
        <file name="S-I.shadow">
            <attr name="originalFile" stringvalue="Actions/Edit/org-lcswing-InterfaceAction.instance"/>
        </file>
        <file name="S-T.shadow">
            <attr name="originalFile" stringvalue="Actions/Edit/org-lcswing-DataAction.instance"/>
        </file>
         <file name="S-C.shadow">
            <attr name="originalFile" stringvalue="Actions/Edit/org-lcswing-startcompute.instance"/>
        </file>
        <file name="S-U.shadow">
            <attr name="originalFile" stringvalue="Actions/View/org-lcswing-TestAction.instance"/>
        </file>
    </folder>
    
    <folder name="Toolbars">
        <folder name="Edit">
            <file name="org-lcswing-DataAction.shadow">
                <attr name="originalFile" stringvalue="Actions/Edit/org-lcswing-DataAction.instance"/>
                <attr name="position" intvalue="0"/>
            </file>
             <file name="org-lcswing-DiagramAction.shadow">
                <attr name="originalFile" stringvalue="Actions/Edit/org-lcswing-DiagramAction.instance"/>
                <attr name="position" intvalue="1"/>
            </file>
             <file name="org-lcswing-InterfaceAction.shadow">
                <attr name="originalFile" stringvalue="Actions/Edit/org-lcswing-InterfaceAction.instance"/>
                <attr name="position" intvalue="2"/>
            </file>
            <file name="org-lcswing-TestAction.shadow">
                <attr name="originalFile" stringvalue="Actions/View/org-lcswing-TestAction.instance"/>
                <attr name="position" intvalue="-100"/>
            </file>
        </folder>
        <folder name="File">
            <file name="org-lcswing-startcompute.shadow">
                <attr name="originalFile" stringvalue="Actions/Edit/org-lcswing-startcompute.instance"/>
            </file>
            <attr name="org-lcswing-startcompute.shadow" boolvalue="true"/>
        </folder>
    </folder>
</filesystem>
